{
  "xyxy": [
    [
      724.25732421875,
      511.27264404296875,
      784.4686889648438,
      563.8418579101562
    ],
    [
      328.2671203613281,
      154.50048828125,
      556.993896484375,
      581.154052734375
    ],
    [
      635.0531005859375,
      185.30178833007812,
      784.5457153320312,
      541.5836791992188
    ],
    [
      57.33070373535156,
      160.88360595703125,
      248.031005859375,
      545.2036743164062
    ],
    [
      206.23133850097656,
      155.1144561767578,
      387.6761779785156,
      575.3656616210938
    ]
  ],
  "confidence": [
    0.9302204251289368,
    0.9166759848594666,
    0.9045442938804626,
    0.9001553654670715,
    0.8011276125907898
  ],
  "class_id": [
    32,
    0,
    0,
    0,
    0
  ],
  "class_names": [
    "sports ball",
    "person",
    "person",
    "person",
    "person"
  ]
}